<?xml version="1.0" encoding="UTF-8"?>
<templates id="template" xml:space="preserve">
    <t t-name="create_product_pos.ErrorBarcodePopup" t-inherit="point_of_sale.ErrorBarcodePopup" t-inherit-mode="extension">
        <xpath expr="//footer/button[1]" position="after">
            <t t-if="isSystemUser">
                <button type="button" class="btn btn-primary" t-on-click="() => this._CreateProductBarcode()">Create New Product</button>
            </t>
        </xpath>
    </t>
</templates>
