<?xml version="1.0" encoding="UTF-8"?>
<templates id="template" xml:space="preserve">
   <t t-name="create_product_pos.CustomButtonPopup" owl="1">
        <div class="popup create_product_pos">
            <div class="modal-header justify-content-center">
                    <h2 class="modal-title">
                    <t t-esc="props.title"/>
                    </h2>
                </div>
            <div class="modal-body custom-form-view">     
            
            <form>
                <label for="display_name" >Product Name:</label>
                <input style="width: 450px; height: 30px;" type="text" id="display_name" name="display_name"/><br></br>
                <label for="list_price">Price:</label>
                <input style="width: 450px; height: 30px;" type="text" id="list_price" name="list_price"/><br></br>
                <label for="cost_price">Cost:</label>
                <input style="width: 450px; height: 30px;" type="text" id="cost_price" name="cost_price"/><br></br>
                <label for="barcode">Barcode:</label>
                <input style="width: 450px; height: 30px;" type="text" id="barcode" name="barcode"/><br></br>  
                <label for="product_type">Product Type:</label>    
                <select class="input-field" style="width: 450px; height: 30px;">
                    <option>consumable</option>
                    <option>storable</option>
                    <option>service</option>
                </select>
            </form>
        </div>
        <div class="footer footer-flex modal-footer justify-content-end">
            <div type="button" class="btn btn-primary" t-on-click="confirm">Create</div>
                <div type="button" class="btn btn-primary"
                        t-on-click="cancel">
                    <t t-esc="props.closePopup"/>
                </div>
            </div>
        </div>
   </t>
</templates>