<?xml version="1.0" encoding="UTF-8"?>
<templates id="template" xml:space="preserve">
    <t t-name="pos_order_list.Navbar" t-inherit="point_of_sale.Navbar" t-inherit-mode="extension" owl="1">
        <xpath expr="//div[hasclass('pos-branding')]" position="after">
            <div class="order-selector">
                <span class="orders touch-scrollable"> 
                    <t t-foreach="this.pos.get_order_list().slice(-4)" t-as="order" t-key="order.id">
                        <t t-if='order === this.pos.get_order()'>
                        <span class="order-button select-order selected" t-att-data-uid="order.uid">
                            <span class='order-sequence'>
                                <t t-esc='order.sequence_number' />
                            </span>
                        </span>
                    </t>
                    <t t-if='order !== this.pos.get_order()'>
                        <span class="order-button select-order" t-att-data-uid="order.uid" t-on-click="() => this._onClickOrders(order)">
                            <span class='order-sequence'>
                            <t t-esc='order.sequence_number' />
                            </span>
                        </span>
                        </t>
                    </t>
                </span>
                <span class="order-button square neworder-button" t-on-click="() => this._onClickNewOrder()">
                    <i class='fa fa-plus' role="img" aria-label="New order" title="New order"/>
                </span>
                <span class="order-button square deleteorder-button" t-on-click="() => this._onClickDeleteOrders()">
                    <i class='fa fa-minus' role="img" aria-label="Delete order" title="Delete order"/>
                </span>
            </div>
        </xpath>
    </t>
</templates>